name,price,images,nha_san_xuat,noi_san_xuat,thuoc_can_ke_don,hoat_chat,chi_dinh_tom_tat,dang_bao_che,quy_cach,luu_y,mo_ta,thanh_phan,chi_dinh_chi_tiet,huong_dan_su_dung,cach_su_dung,than_trong,thong_tin_san_xuat,url,category,drug_type,category_link,category_name,error
,,,,,,,,,,,,,,,,,,https://www.pharmacity.vn/thuoc-cam-lanh#,,,,,"Message: no such element: Unable to locate element: {""method"":""xpath"",""selector"":""//*[@id='pmc-v2']/div[4]/div/div[1]/div[2]/div[2]/div[2]/div/div/div[2]/div[2]/h2""}
  (Session info: chrome=145.0.7632.117); For documentation on this error, please visit: https://www.selenium.dev/documentation/webdriver/troubleshooting/errors#nosuchelementexception
Stacktrace:
Symbols not available. Dumping unresolved backtrace:
	0x7ff7e077aa55
	0x7ff7e04d8630
	0x7ff7e026d75d
	0x7ff7e02c862e
	0x7ff7e02c893c
	0x7ff7e0318d87
	0x7ff7e031591c
	0x7ff7e02b9098
	0x7ff7e02b9f83
	0x7ff7e07a7810
	0x7ff7e07a1afd
	0x7ff7e07c2c1a
	0x7ff7e04f3345
	0x7ff7e04fb81c
	0x7ff7e04e1924
	0x7ff7e04e1ad6
	0x7ff7e04c7e47
	0x7ffd717ae8d7
	0x7ffd722cc40c
"
,,,,,,,,,,,,,,,,,,https://www.pharmacity.vn/thuoc-da-lieu#,,,,,"Message: no such element: Unable to locate element: {""method"":""xpath"",""selector"":""//*[@id='pmc-v2']/div[4]/div/div[1]/div[2]/div[2]/div[2]/div/div/div[2]/div[2]/h2""}
  (Session info: chrome=145.0.7632.117); For documentation on this error, please visit: https://www.selenium.dev/documentation/webdriver/troubleshooting/errors#nosuchelementexception
Stacktrace:
Symbols not available. Dumping unresolved backtrace:
	0x7ff7e077aa55
	0x7ff7e04d8630
	0x7ff7e026d75d
	0x7ff7e02c862e
	0x7ff7e02c893c
	0x7ff7e0318d87
	0x7ff7e031591c
	0x7ff7e02b9098
	0x7ff7e02b9f83
	0x7ff7e07a7810
	0x7ff7e07a1afd
	0x7ff7e07c2c1a
	0x7ff7e04f3345
	0x7ff7e04fb81c
	0x7ff7e04e1924
	0x7ff7e04e1ad6
	0x7ff7e04c7e47
	0x7ffd717ae8d7
	0x7ffd722cc40c
"
,,,,,,,,,,,,,,,,,,https://www.pharmacity.vn/thuoc-than-kinh#,,,,,"Message: no such element: Unable to locate element: {""method"":""xpath"",""selector"":""//*[@id='pmc-v2']/div[4]/div/div[1]/div[2]/div[2]/div[2]/div/div/div[2]/div[2]/h2""}
  (Session info: chrome=145.0.7632.117); For documentation on this error, please visit: https://www.selenium.dev/documentation/webdriver/troubleshooting/errors#nosuchelementexception
Stacktrace:
Symbols not available. Dumping unresolved backtrace:
	0x7ff7e077aa55
	0x7ff7e04d8630
	0x7ff7e026d75d
	0x7ff7e02c862e
	0x7ff7e02c893c
	0x7ff7e0318d87
	0x7ff7e031591c
	0x7ff7e02b9098
	0x7ff7e02b9f83
	0x7ff7e07a7810
	0x7ff7e07a1afd
	0x7ff7e07c2c1a
	0x7ff7e04f3345
	0x7ff7e04fb81c
	0x7ff7e04e1924
	0x7ff7e04e1ad6
	0x7ff7e04c7e47
	0x7ffd717ae8d7
	0x7ffd722cc40c
"
,,,,,,,,,,,,,,,,,,https://www.pharmacity.vn/thuoc-co-xuong-khop#,,,,,"Message: no such element: Unable to locate element: {""method"":""xpath"",""selector"":""//*[@id='pmc-v2']/div[4]/div/div[1]/div[2]/div[2]/div[2]/div/div/div[2]/div[2]/h2""}
  (Session info: chrome=145.0.7632.117); For documentation on this error, please visit: https://www.selenium.dev/documentation/webdriver/troubleshooting/errors#nosuchelementexception
Stacktrace:
Symbols not available. Dumping unresolved backtrace:
	0x7ff7e077aa55
	0x7ff7e04d8630
	0x7ff7e026d75d
	0x7ff7e02c862e
	0x7ff7e02c893c
	0x7ff7e0318d87
	0x7ff7e031591c
	0x7ff7e02b9098
	0x7ff7e02b9f83
	0x7ff7e07a7810
	0x7ff7e07a1afd
	0x7ff7e07c2c1a
	0x7ff7e04f3345
	0x7ff7e04fb81c
	0x7ff7e04e1924
	0x7ff7e04e1ad6
	0x7ff7e04c7e47
	0x7ffd717ae8d7
	0x7ffd722cc40c
"
,,,,,,,,,,,,,,,,,,https://www.pharmacity.vn/vitamin-va-khoang-chat#,,,,,"Message: no such element: Unable to locate element: {""method"":""xpath"",""selector"":""//*[@id='pmc-v2']/div[4]/div/div[1]/div[2]/div[2]/div[2]/div/div/div[2]/div[2]/h2""}
  (Session info: chrome=145.0.7632.117); For documentation on this error, please visit: https://www.selenium.dev/documentation/webdriver/troubleshooting/errors#nosuchelementexception
Stacktrace:
Symbols not available. Dumping unresolved backtrace:
	0x7ff7e077aa55
	0x7ff7e04d8630
	0x7ff7e026d75d
	0x7ff7e02c862e
	0x7ff7e02c893c
	0x7ff7e0318d87
	0x7ff7e031591c
	0x7ff7e02b9098
	0x7ff7e02b9f83
	0x7ff7e07a7810
	0x7ff7e07a1afd
	0x7ff7e07c2c1a
	0x7ff7e04f3345
	0x7ff7e04fb81c
	0x7ff7e04e1924
	0x7ff7e04e1ad6
	0x7ff7e04c7e47
	0x7ffd717ae8d7
	0x7ffd722cc40c
"
,,,,,,,,,,,,,,,,,,https://www.pharmacity.vn/rx-thuoc-khang-sinh#,,,,,"Message: no such element: Unable to locate element: {""method"":""xpath"",""selector"":""//*[@id='pmc-v2']/div[4]/div/div[1]/div[2]/div[2]/div[2]/div/div/div[2]/div[2]/h2""}
  (Session info: chrome=145.0.7632.117); For documentation on this error, please visit: https://www.selenium.dev/documentation/webdriver/troubleshooting/errors#nosuchelementexception
Stacktrace:
Symbols not available. Dumping unresolved backtrace:
	0x7ff7e077aa55
	0x7ff7e04d8630
	0x7ff7e026d75d
	0x7ff7e02c862e
	0x7ff7e02c893c
	0x7ff7e0318d87
	0x7ff7e031591c
	0x7ff7e02b9098
	0x7ff7e02b9f83
	0x7ff7e07a7810
	0x7ff7e07a1afd
	0x7ff7e07c2c1a
	0x7ff7e04f3345
	0x7ff7e04fb81c
	0x7ff7e04e1924
	0x7ff7e04e1ad6
	0x7ff7e04c7e47
	0x7ffd717ae8d7
	0x7ffd722cc40c
"
,,,,,,,,,,,,,,,,,,https://www.pharmacity.vn/rx-thuoc-ung-thu#,,,,,"Message: no such element: Unable to locate element: {""method"":""xpath"",""selector"":""//*[@id='pmc-v2']/div[4]/div/div[1]/div[2]/div[2]/div[2]/div/div/div[2]/div[2]/h2""}
  (Session info: chrome=145.0.7632.117); For documentation on this error, please visit: https://www.selenium.dev/documentation/webdriver/troubleshooting/errors#nosuchelementexception
Stacktrace:
Symbols not available. Dumping unresolved backtrace:
	0x7ff7e077aa55
	0x7ff7e04d8630
	0x7ff7e026d75d
	0x7ff7e02c862e
	0x7ff7e02c893c
	0x7ff7e0318d87
	0x7ff7e031591c
	0x7ff7e02b9098
	0x7ff7e02b9f83
	0x7ff7e07a7810
	0x7ff7e07a1afd
	0x7ff7e07c2c1a
	0x7ff7e04f3345
	0x7ff7e04fb81c
	0x7ff7e04e1924
	0x7ff7e04e1ad6
	0x7ff7e04c7e47
	0x7ffd717ae8d7
	0x7ffd722cc40c
"
,,,,,,,,,,,,,,,,,,https://www.pharmacity.vn/rx-thuoc-cho-nam-gioi#,,,,,"Message: no such element: Unable to locate element: {""method"":""xpath"",""selector"":""//*[@id='pmc-v2']/div[4]/div/div[1]/div[2]/div[2]/div[2]/div/div/div[2]/div[2]/h2""}
  (Session info: chrome=145.0.7632.117); For documentation on this error, please visit: https://www.selenium.dev/documentation/webdriver/troubleshooting/errors#nosuchelementexception
Stacktrace:
Symbols not available. Dumping unresolved backtrace:
	0x7ff7e077aa55
	0x7ff7e04d8630
	0x7ff7e026d75d
	0x7ff7e02c862e
	0x7ff7e02c893c
	0x7ff7e0318d87
	0x7ff7e031591c
	0x7ff7e02b9098
	0x7ff7e02b9f83
	0x7ff7e07a7810
	0x7ff7e07a1afd
	0x7ff7e07c2c1a
	0x7ff7e04f3345
	0x7ff7e04fb81c
	0x7ff7e04e1924
	0x7ff7e04e1ad6
	0x7ff7e04c7e47
	0x7ffd717ae8d7
	0x7ffd722cc40c
"
,,"['https://prod-cdn.pharmacity.io/e-com/images/static-website/20240706162028-0-pharmacity-logo.png', 'https://prod-cdn.pharmacity.io/e-com/images/banners/20260223021224-0-topbanner.png?versionId=boSF1FhI8L2QFtZmzsmoZph2CX0Ipkl1', 'https://prod-cdn.pharmacity.io/e-com/images/ecommerce/20240520103330-0-20240403091737-0-new-bagde.png', 'https://prod-cdn.pharmacity.io/e-com/images/ecommerce/20240816073820-0-Frame%2024020.png', 'https://prod-cdn.pharmacity.io/e-com/images/static-website/pharmacity-logo.svg', 'https://develop-cdn.pharmacity.io/e-com/images/static-website/20251230085433-0-freeship.png', 'https://production-cdn.pharmacity.io/digital/original/plain/e-com/images/static-website/20260105073249-0-search-rx.png?versionId=lZyR7ygpfq8Q22oKOftFVyNPzno_LB9g', 'https://production-cdn.pharmacity.io/digital/original/plain/e-com/images/static-website/20260105073249-0-nurse.png?versionId=EW1j7JypKDtabKF2v3WIGEzPYFMoty1F', 'https://production-cdn.pharmacity.io/digital/original/plain/e-com/images/static-website/20260104134659-0-near-by-store.png?versionId=4Lu87w6bw8yVXpRjVAc9.fChkrvbWsXV', 'https://production-cdn.pharmacity.io/digital/640x640/plain/e-com/images/ecommerce/20250806052014-0-P11136.png?versionId=nx6u4Q3O.7DEdEIjFJIENsWXglOi4HqP', 'https://production-cdn.pharmacity.io/digital/640x640/plain/e-com/images/ecommerce/20250520071638-0-P12673.png?versionId=F52P7yqs.W_KNF8Ww4t2_4wJT92bhqrz', 'https://production-cdn.pharmacity.io/digital/640x640/plain/e-com/images/ecommerce/20250806054102-0-P12777.png?versionId=hUlY1IDFLOeZGLPaz.kqFUW8xJt_EVMS', 'https://production-cdn.pharmacity.io/digital/640x640/plain/e-com/images/ecommerce/20250806054752-0-P13192.png?versionId=6yklgbwmbEqha24AhjtQVGD.EqgyyC_8', 'https://production-cdn.pharmacity.io/digital/640x640/plain/e-com/images/ecommerce/P14382_1.jpg', 'https://production-cdn.pharmacity.io/digital/640x640/plain/e-com/images/ecommerce/20250806063532-0-P15271.png?versionId=J8f2F.sM_NlLm3cMkUpXW.oY3S5V9PGu', 'https://production-cdn.pharmacity.io/digital/640x640/plain/e-com/images/ecommerce/20250515040306-0-P13556.jpg?versionId=GxYBsNy3TwjpWkWsc3cZ3.GTseAo4OmS', 'https://production-cdn.pharmacity.io/digital/640x640/plain/e-com/images/product/20250423025121-0-P18028.jpg?versionId=4BnDqaQUJJ.XhBmPDqP54sWSf7oVPVtp', 'https://production-cdn.pharmacity.io/digital/640x640/plain/e-com/images/ecommerce/20250602095916-0-P28595.jpg?versionId=rYQwByNo2OJxGHSjzKYk8CntGq0x4kfS', 'https://production-cdn.pharmacity.io/digital/640x640/plain/e-com/images/ecommerce/20250602095916-0-P28338.jpg?versionId=SmJJd62tOv8MvnpUx_p6uHApES9MLPVP', 'https://production-cdn.pharmacity.io/digital/640x640/plain/e-com/images/ecommerce/20250530091426-0-P28339.jpg?versionId=qCNEZD0hwK6GYKBHh8xNbrmRi_ggfYHX', 'https://production-cdn.pharmacity.io/digital/640x640/plain/e-com/images/ecommerce/20250924100058-0-P28197.png?versionId=pCf9BOgonCoV8T.c6pZtsCO36AKB1Qee', 'https://production-cdn.pharmacity.io/digital/640x640/plain/e-com/images/ecommerce/20251219023946-0-P29486.jpg?versionId=m79ya2jBrZM3wc2OW4lCwzv1CeiZ_9d9', 'https://production-cdn.pharmacity.io/digital/640x640/plain/e-com/images/ecommerce/20250728074536-0-P00452.png?versionId=H3nnhfQ9FYzGgwvhH3Xu9IHE6WnchCGb', 'https://production-cdn.pharmacity.io/digital/640x640/plain/e-com/images/ecommerce/20250520034947-0-P00636.png?versionId=nsF7mcSmXtUSlMFkq20gc8ydnJH03E5g', 'https://production-cdn.pharmacity.io/digital/640x640/plain/e-com/images/product/20250206064527-0-P00709_1.jpg?versionId=YamjzEy928BhGnjxrHcW6ik169OrVNIm', 'https://production-cdn.pharmacity.io/digital/640x640/plain/e-com/images/ecommerce/20250806035423-0-P02936.png?versionId=9mOnvnC_mNnz74DM2ZCt9NkKplP7k4wi', 'https://production-cdn.pharmacity.io/digital/640x640/plain/e-com/images/ecommerce/20250520041435-0-P08437.png?versionId=H3k3OZSEiNxUfprNeSw74eyF0VaQCAmq', 'https://production-cdn.pharmacity.io/digital/640x640/plain/e-com/images/ecommerce/20250415090825-0-P12722.jpg?versionId=rNXaoAj9dJ2ZOmmaZ21fhwepDi2S20w6', 'https://production-cdn.pharmacity.io/digital/640x640/plain/e-com/images/ecommerce/20250520074140-0-P14521.png?versionId=XHbdjlwkbKw7byBpZhIZ.M5EwvQQWOEa', 'https://prod-cdn.pharmacity.io/e-com/images/static-website/20240706162441-0-BCT.png', 'https://prod-cdn.pharmacity.io/e-com/images/static-website/20240706162441-0-DMCA.png', 'https://prod-cdn.pharmacity.io/e-com/images/static-website/20240706162440-0-COD.png', 'https://prod-cdn.pharmacity.io/e-com/images/static-website/20240706162441-0-Visa.png', 'https://prod-cdn.pharmacity.io/e-com/images/static-website/20240706162441-0-MasterCard.png', 'https://prod-cdn.pharmacity.io/e-com/images/static-website/20240706162441-0-JCB.png', 'https://prod-cdn.pharmacity.io/e-com/images/static-website/20240706162441-0-Momo.png', 'https://prod-cdn.pharmacity.io/e-com/images/static-website/20240706162729-0-ZaloPay.png', 'https://prod-cdn.pharmacity.io/e-com/images/static-website/20241122062454-0-napas.png', 'https://prod-cdn.pharmacity.io/e-com/images/static-website/20241122063240-0-apple-pay.png']",,,,,,,,,,,,,,,,https://www.pharmacity.vn/rx-vitamin-khoang-chat#,Vitamin & Khoáng chất,Thuốc kê đơn,https://www.pharmacity.vn/rx-vitamin-khoang-chat,Vitamin & Khoáng chất,
,,"['https://prod-cdn.pharmacity.io/e-com/images/static-website/20240706162028-0-pharmacity-logo.png', 'https://prod-cdn.pharmacity.io/e-com/images/banners/20260223021224-0-topbanner.png?versionId=boSF1FhI8L2QFtZmzsmoZph2CX0Ipkl1', 'https://prod-cdn.pharmacity.io/e-com/images/ecommerce/20240520103330-0-20240403091737-0-new-bagde.png', 'https://prod-cdn.pharmacity.io/e-com/images/ecommerce/20240816073820-0-Frame%2024020.png', 'https://prod-cdn.pharmacity.io/e-com/images/static-website/pharmacity-logo.svg', 'https://develop-cdn.pharmacity.io/e-com/images/static-website/20251230085433-0-freeship.png', 'https://production-cdn.pharmacity.io/digital/original/plain/e-com/images/static-website/20260105073249-0-search-rx.png?versionId=lZyR7ygpfq8Q22oKOftFVyNPzno_LB9g', 'https://production-cdn.pharmacity.io/digital/original/plain/e-com/images/static-website/20260105073249-0-nurse.png?versionId=EW1j7JypKDtabKF2v3WIGEzPYFMoty1F', 'https://production-cdn.pharmacity.io/digital/original/plain/e-com/images/static-website/20260104134659-0-near-by-store.png?versionId=4Lu87w6bw8yVXpRjVAc9.fChkrvbWsXV', 'https://production-cdn.pharmacity.io/digital/1080x1080/plain/e-com/images/ecommerce/20250728074558-1-P00449_1.png?versionId=gg0niccONyIlWLM1iOn5VfmfO3.WRIyA', 'https://production-cdn.pharmacity.io/digital/828x828/plain/e-com/images/ecommerce/20250728074558-1-P00449_1.png?versionId=gg0niccONyIlWLM1iOn5VfmfO3.WRIyA', 'https://prod-cdn.pharmacity.io/e-com/images/ecommerce/20250429105301-0-san-pham-chinh-hang.png', 'https://prod-cdn.pharmacity.io/e-com/images/ecommerce/20250429105321-0-so-1-bao-quan-chat-luong.png', 'https://prod-cdn.pharmacity.io/e-com/images/static-website/20240706163038-0-order-prescription.png', 'https://prod-cdn.pharmacity.io/e-com/images/static-website/20240706153649-0-user-avatar.svg', 'https://prod-cdn.pharmacity.io/e-com/images/static-website/20240706153649-0-pharmacity-avatar.svg', 'https://prod-cdn.pharmacity.io/e-com/images/static-website/20240706153648-0-blue-tick.svg', 'https://production-cdn.pharmacity.io/digital/640x640/plain/e-com/images/ecommerce/20250415102101-0-P01063.png?versionId=lShzdGM8W8ciuTX3nCLmc3qxbGuQIxiq', 'https://production-cdn.pharmacity.io/digital/640x640/plain/e-com/images/ecommerce/20250806062247-0-P14784.png?versionId=aw.FmvlGeEEGShq9_BWMeKWo3bu3hSOx', 'https://production-cdn.pharmacity.io/digital/640x640/plain/e-com/images/ecommerce/20250806084411-0-P17321.png?versionId=rxp7RSGKgAWUdieIqtskzxgw1ZLGhNDi', 'https://production-cdn.pharmacity.io/digital/640x640/plain/e-com/images/ecommerce/20250806083951-0-P17196.png?versionId=CopjNukWJDV9gRKBhtOw_1ngvNX0Wd4h', 'https://production-cdn.pharmacity.io/digital/640x640/plain/e-com/images/ecommerce/20250806035245-0-P02351.png?versionId=qotbdgSseoZ4yin_Ccp0UCCn1PbQek26', 'https://production-cdn.pharmacity.io/digital/640x640/plain/e-com/images/ecommerce/20250728074543-0-P00695.png?versionId=5ZAJkeNhV_t9Gz6MkEMk4cYj7AvKZv9.', 'https://production-cdn.pharmacity.io/digital/640x640/plain/e-com/images/ecommerce/20250806035559-0-P04505.png?versionId=kiKgt.vHYA7SrNiHmu6.vwOViLiQyGIf', 'https://production-cdn.pharmacity.io/digital/640x640/plain/e-com/images/ecommerce/20250806070413-0-P16109.png?versionId=ip9rAUqXr9mURx6FX6mMzCBNRnriX6Ee', 'https://production-cdn.pharmacity.io/digital/640x640/plain/e-com/images/ecommerce/20250415102507-0-P07375.png?versionId=DWLFtgsKNyEVfG6X2s23pZfuQrvlFmOk', 'https://production-cdn.pharmacity.io/digital/640x640/plain/e-com/images/ecommerce/20250806084423-0-P17332.png?versionId=geX_quQ5VJ3BsEjEkn9L7nTgGQPxeGao', 'https://production-cdn.pharmacity.io/digital/640x640/plain/e-com/images/ecommerce/20250520035153-0-P01047.png?versionId=7ALxj5FP1JRyyLyuFgGbRSneOk6h2WeA', 'https://production-cdn.pharmacity.io/digital/640x640/plain/e-com/images/ecommerce/20250728074603-0-P00210.png?versionId=WczEnzuAjiK5kUF4J92Ry40BuEymFa2i', 'https://production-cdn.pharmacity.io/digital/640x640/plain/e-com/images/ecommerce/20250806084429-0-P17336.png?versionId=KmDnO2AbfG_KR3VC0q7D1eDSsnelsOCg', 'https://production-cdn.pharmacity.io/digital/640x640/plain/e-com/images/ecommerce/20250924100110-0-P29520.jpg?versionId=Ur.W8QBE_qGqIZsZhmIkyPaQ4WwcpIvu', 'https://production-cdn.pharmacity.io/digital/640x640/plain/e-com/images/ecommerce/20250415090822-0-P14201.jpg?versionId=yyCxT1jXJVz8oMW7PwS1VeLEqQtH5Inj', 'https://prod-cdn.pharmacity.io/e-com/images/static-website/20240716084109-0-zalo-chat.png', 'https://prod-cdn.pharmacity.io/e-com/images/static-website/20240706162441-0-BCT.png', 'https://prod-cdn.pharmacity.io/e-com/images/static-website/20240706162441-0-DMCA.png', 'https://prod-cdn.pharmacity.io/e-com/images/static-website/20240706162440-0-COD.png', 'https://prod-cdn.pharmacity.io/e-com/images/static-website/20240706162441-0-Visa.png', 'https://prod-cdn.pharmacity.io/e-com/images/static-website/20240706162441-0-MasterCard.png', 'https://prod-cdn.pharmacity.io/e-com/images/static-website/20240706162441-0-JCB.png', 'https://prod-cdn.pharmacity.io/e-com/images/static-website/20240706162441-0-Momo.png', 'https://prod-cdn.pharmacity.io/e-com/images/static-website/20240706162729-0-ZaloPay.png', 'https://prod-cdn.pharmacity.io/e-com/images/static-website/20241122062454-0-napas.png', 'https://prod-cdn.pharmacity.io/e-com/images/static-website/20241122063240-0-apple-pay.png']",,,,,,,,,,,,,,,,https://www.pharmacity.vn/pepevit-50mg-chai60-vien.html,Vitamin & Khoáng chất,Thuốc kê đơn,https://www.pharmacity.vn/rx-vitamin-khoang-chat,Vitamin & Khoáng chất,
,,"['https://prod-cdn.pharmacity.io/e-com/images/static-website/20240706162028-0-pharmacity-logo.png', 'https://prod-cdn.pharmacity.io/e-com/images/banners/20260223021224-0-topbanner.png?versionId=boSF1FhI8L2QFtZmzsmoZph2CX0Ipkl1', 'https://prod-cdn.pharmacity.io/e-com/images/ecommerce/20240520103330-0-20240403091737-0-new-bagde.png', 'https://prod-cdn.pharmacity.io/e-com/images/ecommerce/20240816073820-0-Frame%2024020.png', 'https://prod-cdn.pharmacity.io/e-com/images/static-website/pharmacity-logo.svg', 'https://develop-cdn.pharmacity.io/e-com/images/static-website/20251230085433-0-freeship.png', 'https://production-cdn.pharmacity.io/digital/original/plain/e-com/images/static-website/20260105073249-0-search-rx.png?versionId=lZyR7ygpfq8Q22oKOftFVyNPzno_LB9g', 'https://production-cdn.pharmacity.io/digital/original/plain/e-com/images/static-website/20260105073249-0-nurse.png?versionId=EW1j7JypKDtabKF2v3WIGEzPYFMoty1F', 'https://production-cdn.pharmacity.io/digital/original/plain/e-com/images/static-website/20260104134659-0-near-by-store.png?versionId=4Lu87w6bw8yVXpRjVAc9.fChkrvbWsXV', 'https://production-cdn.pharmacity.io/digital/640x640/plain/e-com/images/ecommerce/20250520035153-0-P01475.png?versionId=lTuNgYk9q_nwNED3VdjV8W2UWb1.U7J9', 'https://production-cdn.pharmacity.io/digital/640x640/plain/e-com/images/ecommerce/20250415102059-0-P01276.png?versionId=vzASKVuFyW4CP13.yG6XZpJJpF6qRtFO', 'https://production-cdn.pharmacity.io/digital/640x640/plain/e-com/images/ecommerce/20250520034939-0-P00994.png?versionId=WFFdgIU9hjzGsfnVEAzS1BUlfi9hyJFh', 'https://production-cdn.pharmacity.io/digital/640x640/plain/e-com/images/ecommerce/20241107084413-0-P00198.png?versionId=3joHsgTERMm8RRTCKKv1gFLn0CJIb5F3', 'https://production-cdn.pharmacity.io/digital/640x640/plain/e-com/images/ecommerce/20250415102052-0-P00218.png?versionId=tLqOF_s.rm1QeN1m0NDuiUKOQo6tSqOg', 'https://production-cdn.pharmacity.io/digital/640x640/plain/e-com/images/ecommerce/20250415102102-0-P01062.png?versionId=.kaONynfJC4_GH69WEtP4YKw4y8XrVd9', 'https://production-cdn.pharmacity.io/digital/640x640/plain/e-com/images/ecommerce/20250415102103-0-P00975.png?versionId=5Br.nr256LD0kBcysw_36OtVzHXLQH6L', 'https://production-cdn.pharmacity.io/digital/640x640/plain/e-com/images/ecommerce/20250520035414-0-P02669.png?versionId=WdIY800iNaHrFVlacve91CASOpMEgHef', 'https://production-cdn.pharmacity.io/digital/640x640/plain/e-com/images/ecommerce/20250515040305-0-P11972.jpg?versionId=uoXYYjZ8L7gQiaAcFvXOPyVEzkaBO4kx', 'https://production-cdn.pharmacity.io/digital/640x640/plain/e-com/images/ecommerce/20250520072047-0-P13458.png?versionId=Og28PSF.Rj37EFQU1eteaga2wVqWtTLa', 'https://production-cdn.pharmacity.io/digital/640x640/plain/e-com/images/ecommerce/20250520065741-0-P11065.png?versionId=Q2Ip288koh4x0TBd4RdOraDPHwoIFmgm', 'https://production-cdn.pharmacity.io/digital/640x640/plain/e-com/images/ecommerce/20250520065741-0-P11082.png?versionId=ybFDTWLwHIzXXp2C29MozPGErRh5pKUm', 'https://production-cdn.pharmacity.io/digital/640x640/plain/e-com/images/ecommerce/20250520071624-0-P12678.png?versionId=7FjFgUdWFnt91GnzWjvACLm.ALR6adXJ', 'https://production-cdn.pharmacity.io/digital/640x640/plain/e-com/images/ecommerce/20250806063039-0-P15072.png?versionId=Y6yGwfrHxmI8RC0mS19Du9I8ETbJA_He', 'https://production-cdn.pharmacity.io/digital/640x640/plain/e-com/images/ecommerce/20250806065957-0-P15928.png?versionId=VyMpqMGQrB6h3sw.GjQo179hQwIiWGXk', 'https://production-cdn.pharmacity.io/digital/640x640/plain/e-com/images/ecommerce/20250806070910-0-P16260.png?versionId=TaKcbGrCMePRHUQSu3eV1mWfV9_inZtt', 'https://production-cdn.pharmacity.io/digital/640x640/plain/e-com/images/ecommerce/20250806070754-0-P16235.png?versionId=sDURE87nAjarxDLasiI.lDqf2Vj4Xw5s', 'https://production-cdn.pharmacity.io/digital/640x640/plain/e-com/images/ecommerce/20250806093538-0-P18704.png?versionId=0lCiVrksdYCV8uOkwKHFQC3aWRafXQ2t', 'https://production-cdn.pharmacity.io/digital/640x640/plain/e-com/images/ecommerce/20250806102641-0-P19451.png?versionId=D4b6PhOUzTuVwiPylRT74WyLyADn_FeJ', 'https://production-cdn.pharmacity.io/digital/640x640/plain/e-com/images/ecommerce/20250512044008-0-P21480.jpg?versionId=4qqNVbslT.wCJejJg4Kf_gSOlxjCrp.G', 'https://prod-cdn.pharmacity.io/e-com/images/static-website/20240706162441-0-BCT.png', 'https://prod-cdn.pharmacity.io/e-com/images/static-website/20240706162441-0-DMCA.png', 'https://prod-cdn.pharmacity.io/e-com/images/static-website/20240706162440-0-COD.png', 'https://prod-cdn.pharmacity.io/e-com/images/static-website/20240706162441-0-Visa.png', 'https://prod-cdn.pharmacity.io/e-com/images/static-website/20240706162441-0-MasterCard.png', 'https://prod-cdn.pharmacity.io/e-com/images/static-website/20240706162441-0-JCB.png', 'https://prod-cdn.pharmacity.io/e-com/images/static-website/20240706162441-0-Momo.png', 'https://prod-cdn.pharmacity.io/e-com/images/static-website/20240706162729-0-ZaloPay.png', 'https://prod-cdn.pharmacity.io/e-com/images/static-website/20241122062454-0-napas.png', 'https://prod-cdn.pharmacity.io/e-com/images/static-website/20241122063240-0-apple-pay.png']",,,,,,,,,,,,,,,,https://www.pharmacity.vn/rx-thuoc-da-lieu#,Thuốc da liễu,Thuốc kê đơn,https://www.pharmacity.vn/rx-thuoc-da-lieu,Thuốc da liễu,
,,"['https://prod-cdn.pharmacity.io/e-com/images/static-website/20240706162028-0-pharmacity-logo.png', 'https://prod-cdn.pharmacity.io/e-com/images/banners/20260223021224-0-topbanner.png?versionId=boSF1FhI8L2QFtZmzsmoZph2CX0Ipkl1', 'https://prod-cdn.pharmacity.io/e-com/images/ecommerce/20240520103330-0-20240403091737-0-new-bagde.png', 'https://prod-cdn.pharmacity.io/e-com/images/ecommerce/20240816073820-0-Frame%2024020.png', 'https://prod-cdn.pharmacity.io/e-com/images/static-website/pharmacity-logo.svg', 'https://develop-cdn.pharmacity.io/e-com/images/static-website/20251230085433-0-freeship.png', 'https://production-cdn.pharmacity.io/digital/original/plain/e-com/images/static-website/20260105073249-0-search-rx.png?versionId=lZyR7ygpfq8Q22oKOftFVyNPzno_LB9g', 'https://production-cdn.pharmacity.io/digital/original/plain/e-com/images/static-website/20260105073249-0-nurse.png?versionId=EW1j7JypKDtabKF2v3WIGEzPYFMoty1F', 'https://production-cdn.pharmacity.io/digital/original/plain/e-com/images/static-website/20260104134659-0-near-by-store.png?versionId=4Lu87w6bw8yVXpRjVAc9.fChkrvbWsXV', 'https://production-cdn.pharmacity.io/digital/640x640/plain/e-com/images/ecommerce/20250814075008-0-P29408.jpg?versionId=Ah6Di72fQfMCACuw66zn55.XN2LriBBT', 'https://production-cdn.pharmacity.io/digital/640x640/plain/e-com/images/ecommerce/20250728074624-0-P00597.png?versionId=sU1IIk3_o5UdU0rH4XqiHqjNQapGhF3R', 'https://production-cdn.pharmacity.io/digital/640x640/plain/e-com/images/ecommerce/20250508070608-0-P01341.jpg?versionId=4qqUP2WKmtB91IASG9WOQ.a07_NnUy.C', 'https://production-cdn.pharmacity.io/digital/640x640/plain/e-com/images/ecommerce/20250806053332-0-P11831.png?versionId=wlRvHLe8SACzw7zVaJZuQmDKFF8BVA2C', 'https://production-cdn.pharmacity.io/digital/640x640/plain/e-com/images/ecommerce/20250520070921-0-P12028.png?versionId=8XVsuxGQAn.qSRsuEfNxSWAeG5xWTh_d', 'https://production-cdn.pharmacity.io/digital/640x640/plain/e-com/images/ecommerce/20250415110303-0-P20718.png?versionId=Br3gbZw_UOuU85eEBEzW9Snl0.TBFtHj', 'https://production-cdn.pharmacity.io/digital/640x640/plain/e-com/images/ecommerce/20240731062817-0-P23354.jpg', 'https://production-cdn.pharmacity.io/digital/640x640/plain/e-com/images/ecommerce/20250530091425-0-P24512.jpg?versionId=wLzjEIPEy2DyASEho9KejEuOfLFcW9dG', 'https://production-cdn.pharmacity.io/digital/640x640/plain/e-com/images/ecommerce/20240731070138-0-P24617.png', 'https://production-cdn.pharmacity.io/digital/640x640/plain/e-com/images/ecommerce/20250806122510-0-P26959.png?versionId=A1vtaAp3VQd9Ooq_vZ793F.nsdKtooHd', 'https://production-cdn.pharmacity.io/digital/640x640/plain/e-com/images/ecommerce/20250924100103-0-P28700.png?versionId=1RYfnUP70XFWDceHwoctUt6IBIh6cVez', 'https://production-cdn.pharmacity.io/digital/640x640/plain/e-com/images/ecommerce/20250415102110-0-P00355.png?versionId=I2DevpmXkMmHAk_3GLthEXfz5OEA8jOL', 'https://production-cdn.pharmacity.io/digital/640x640/plain/e-com/images/ecommerce/20240516045416-0-P00115_1.jpg', 'https://production-cdn.pharmacity.io/digital/640x640/plain/e-com/images/ecommerce/20240516045349-0-P01188_1.jpg', 'https://production-cdn.pharmacity.io/digital/640x640/plain/e-com/images/ecommerce/20250806034955-0-P00906.png?versionId=PQA0gepjVJuZNi3pBQxoH1PSj5tU1E_j', 'https://production-cdn.pharmacity.io/digital/640x640/plain/e-com/images/ecommerce/P26102_1.jpg', 'https://production-cdn.pharmacity.io/digital/640x640/plain/e-com/images/ecommerce/20250530091344-0-P11655.jpg?versionId=Z2jJubTCT.LdJ7CnKfUyEvRN0IUO_GLS', 'https://production-cdn.pharmacity.io/digital/640x640/plain/e-com/images/ecommerce/20250520065747-0-P11164.png?versionId=8HXnFCbLAvLg.Vn6gkTpSiCxVAAeIIEm', 'https://production-cdn.pharmacity.io/digital/640x640/plain/e-com/images/ecommerce/20250520065851-0-P11166.png?versionId=VP8Gnjwnua7n.09pGgijLz3FP4VswEOf', 'https://production-cdn.pharmacity.io/digital/640x640/plain/e-com/images/ecommerce/20250520065851-0-P11228.png?versionId=xKe6SWE7DAVw0MT6ofEIDIpyQOkrQTSq', 'https://prod-cdn.pharmacity.io/e-com/images/static-website/20240706162441-0-BCT.png', 'https://prod-cdn.pharmacity.io/e-com/images/static-website/20240706162441-0-DMCA.png', 'https://prod-cdn.pharmacity.io/e-com/images/static-website/20240706162440-0-COD.png', 'https://prod-cdn.pharmacity.io/e-com/images/static-website/20240706162441-0-Visa.png', 'https://prod-cdn.pharmacity.io/e-com/images/static-website/20240706162441-0-MasterCard.png', 'https://prod-cdn.pharmacity.io/e-com/images/static-website/20240706162441-0-JCB.png', 'https://prod-cdn.pharmacity.io/e-com/images/static-website/20240706162441-0-Momo.png', 'https://prod-cdn.pharmacity.io/e-com/images/static-website/20240706162729-0-ZaloPay.png', 'https://prod-cdn.pharmacity.io/e-com/images/static-website/20241122062454-0-napas.png', 'https://prod-cdn.pharmacity.io/e-com/images/static-website/20241122063240-0-apple-pay.png']",,,,,,,,,,,,,,,,https://www.pharmacity.vn/rx-thuoc-cam-lanh-ho#,"Thuốc cảm lạnh, ho",Thuốc kê đơn,https://www.pharmacity.vn/rx-thuoc-cam-lanh-ho,"Thuốc cảm lạnh, ho",
,,"['https://prod-cdn.pharmacity.io/e-com/images/static-website/20240706162028-0-pharmacity-logo.png', 'https://prod-cdn.pharmacity.io/e-com/images/banners/20260223021224-0-topbanner.png?versionId=boSF1FhI8L2QFtZmzsmoZph2CX0Ipkl1', 'https://prod-cdn.pharmacity.io/e-com/images/ecommerce/20240520103330-0-20240403091737-0-new-bagde.png', 'https://prod-cdn.pharmacity.io/e-com/images/ecommerce/20240816073820-0-Frame%2024020.png', 'https://prod-cdn.pharmacity.io/e-com/images/static-website/pharmacity-logo.svg', 'https://develop-cdn.pharmacity.io/e-com/images/static-website/20251230085433-0-freeship.png', 'https://production-cdn.pharmacity.io/digital/original/plain/e-com/images/static-website/20260105073249-0-search-rx.png?versionId=lZyR7ygpfq8Q22oKOftFVyNPzno_LB9g', 'https://production-cdn.pharmacity.io/digital/original/plain/e-com/images/static-website/20260105073249-0-nurse.png?versionId=EW1j7JypKDtabKF2v3WIGEzPYFMoty1F', 'https://production-cdn.pharmacity.io/digital/original/plain/e-com/images/static-website/20260104134659-0-near-by-store.png?versionId=4Lu87w6bw8yVXpRjVAc9.fChkrvbWsXV', 'https://production-cdn.pharmacity.io/digital/640x640/plain/e-com/images/ecommerce/20250806064432-0-P15495.png?versionId=ldyps4fCqj32lmAQrEhKs0LhP..YZ9pM', 'https://production-cdn.pharmacity.io/digital/640x640/plain/e-com/images/ecommerce/20250806064815-0-P15577.png?versionId=bxuCY4sq1Pem1HXoGvhsZDMGgMhNP.8F', 'https://production-cdn.pharmacity.io/digital/640x640/plain/e-com/images/ecommerce/20250806065201-0-P15698.png?versionId=bjbpXa5Rv2c6frqAQhCAaQSkx0Sb6cya', 'https://production-cdn.pharmacity.io/digital/640x640/plain/e-com/images/ecommerce/20250806065212-0-P15706.png?versionId=QYv5UAAgoM5xQo1Slwi.BigFz8gV.jRT', 'https://production-cdn.pharmacity.io/digital/640x640/plain/e-com/images/ecommerce/20250512044005-0-P15638.jpg?versionId=l0aBmlJax3XL78U5L6OSqxEIRTstDlJY', 'https://production-cdn.pharmacity.io/digital/640x640/plain/e-com/images/ecommerce/20250512044000-0-P15876.jpg?versionId=u0na.iAnbDAQ0dLjUrsqD7Qf4OXBrrbp', 'https://production-cdn.pharmacity.io/digital/640x640/plain/e-com/images/ecommerce/20250806065857-0-P15899.png?versionId=trcYLTBaQq0V8WEXiChYSAlWcey_0Mvz', 'https://production-cdn.pharmacity.io/digital/640x640/plain/e-com/images/ecommerce/20250806065652-0-P15839.png?versionId=XInTbdIBPp26etSaiSBbzBY6WYRLD4nq', 'https://production-cdn.pharmacity.io/digital/640x640/plain/e-com/images/ecommerce/20250806083539-0-P17073.png?versionId=jW8yD1JjGjVcQz.FhKnPLaFB_K4iPkqY', 'https://production-cdn.pharmacity.io/digital/640x640/plain/e-com/images/ecommerce/P18476_1_l.jpg', 'https://production-cdn.pharmacity.io/digital/640x640/plain/e-com/images/ecommerce/20250806102308-0-P19175.png?versionId=gGgHnIKImqA8NPOV_pReHLedavg7ThXL', 'https://production-cdn.pharmacity.io/digital/640x640/plain/e-com/images/ecommerce/20250102031457-0-P20045.jpg?versionId=GdCpcyXVhLfSZxMxji3ytNYvqA3keydO', 'https://production-cdn.pharmacity.io/digital/640x640/plain/e-com/images/product/20250716071414-0-P23816_1.png?versionId=6JkOhYsblO3pnPwzOBvxnrh.9G.OFqlt', 'https://production-cdn.pharmacity.io/digital/640x640/plain/e-com/images/ecommerce/20250415110258-0-P21616.png?versionId=YljDdbD_GuPnyxaHGzwkQQtw_gIzcQZ4', 'https://production-cdn.pharmacity.io/digital/640x640/plain/e-com/images/ecommerce/20250530091328-0-P21875.jpg?versionId=8Dxj49OwiG6yc6nA.otJNAoMcY.vfHO9', 'https://production-cdn.pharmacity.io/digital/640x640/plain/e-com/images/ecommerce/P21721_1_l.jpg', 'https://production-cdn.pharmacity.io/digital/640x640/plain/e-com/images/ecommerce/P22087_1.jpg', 'https://production-cdn.pharmacity.io/digital/640x640/plain/e-com/images/ecommerce/P26163_1.jpg', 'https://production-cdn.pharmacity.io/digital/640x640/plain/e-com/images/ecommerce/20250715045311-0-P26388.jpg?versionId=krRJ5ybU9ObKyQN.xJGaa2YkwDHGHpd0', 'https://production-cdn.pharmacity.io/digital/640x640/plain/e-com/images/ecommerce/20250530091504-0-P26709.jpg?versionId=NHuP8wbkpD7sYn66jxvBcqT25q1pzpI2', 'https://prod-cdn.pharmacity.io/e-com/images/static-website/20240706162441-0-BCT.png', 'https://prod-cdn.pharmacity.io/e-com/images/static-website/20240706162441-0-DMCA.png', 'https://prod-cdn.pharmacity.io/e-com/images/static-website/20240706162440-0-COD.png', 'https://prod-cdn.pharmacity.io/e-com/images/static-website/20240706162441-0-Visa.png', 'https://prod-cdn.pharmacity.io/e-com/images/static-website/20240706162441-0-MasterCard.png', 'https://prod-cdn.pharmacity.io/e-com/images/static-website/20240706162441-0-JCB.png', 'https://prod-cdn.pharmacity.io/e-com/images/static-website/20240706162441-0-Momo.png', 'https://prod-cdn.pharmacity.io/e-com/images/static-website/20240706162729-0-ZaloPay.png', 'https://prod-cdn.pharmacity.io/e-com/images/static-website/20241122062454-0-napas.png', 'https://prod-cdn.pharmacity.io/e-com/images/static-website/20241122063240-0-apple-pay.png']",,,,,,,,,,,,,,,,https://www.pharmacity.vn/rx-thuoc-tim-mach-huyet-ap#,"Thuốc tim mạch, huyết áp",Thuốc kê đơn,https://www.pharmacity.vn/rx-thuoc-tim-mach-huyet-ap,"Thuốc tim mạch, huyết áp",
,,"['https://prod-cdn.pharmacity.io/e-com/images/static-website/20240706162028-0-pharmacity-logo.png', 'https://prod-cdn.pharmacity.io/e-com/images/banners/20260223021224-0-topbanner.png?versionId=boSF1FhI8L2QFtZmzsmoZph2CX0Ipkl1', 'https://prod-cdn.pharmacity.io/e-com/images/ecommerce/20240520103330-0-20240403091737-0-new-bagde.png', 'https://prod-cdn.pharmacity.io/e-com/images/ecommerce/20240816073820-0-Frame%2024020.png', 'https://prod-cdn.pharmacity.io/e-com/images/static-website/pharmacity-logo.svg', 'https://develop-cdn.pharmacity.io/e-com/images/static-website/20251230085433-0-freeship.png', 'https://production-cdn.pharmacity.io/digital/original/plain/e-com/images/static-website/20260105073249-0-search-rx.png?versionId=lZyR7ygpfq8Q22oKOftFVyNPzno_LB9g', 'https://production-cdn.pharmacity.io/digital/original/plain/e-com/images/static-website/20260105073249-0-nurse.png?versionId=EW1j7JypKDtabKF2v3WIGEzPYFMoty1F', 'https://production-cdn.pharmacity.io/digital/original/plain/e-com/images/static-website/20260104134659-0-near-by-store.png?versionId=4Lu87w6bw8yVXpRjVAc9.fChkrvbWsXV', 'https://production-cdn.pharmacity.io/digital/640x640/plain/e-com/images/ecommerce/20250806035326-0-P02717.png?versionId=pyP4ng5Jus6R36DSZrjdEv0SK5ti.CUx', 'https://production-cdn.pharmacity.io/digital/640x640/plain/e-com/images/ecommerce/20250415102749-0-P09760.png?versionId=JGlZr4qUuQZ0oWAj1B54kJIk9eb60aDp', 'https://production-cdn.pharmacity.io/digital/640x640/plain/e-com/images/ecommerce/P14536.jpg', 'https://production-cdn.pharmacity.io/digital/640x640/plain/e-com/images/ecommerce/20240731070957-0-P26792.png', 'https://production-cdn.pharmacity.io/digital/640x640/plain/e-com/images/ecommerce/20250602095913-0-P27936.jpg?versionId=As6zBb6yxAT_.Zg44HH9e474N5IlZYXm', 'https://production-cdn.pharmacity.io/digital/640x640/plain/e-com/images/ecommerce/20250602095916-0-P28309.jpg?versionId=9Fq_NmovHXR9PIQguoe61fvZBTZbwJ4t', 'https://production-cdn.pharmacity.io/digital/640x640/plain/e-com/images/ecommerce/20250814074958-0-P29317.jpg?versionId=ikmt7LrRDct0z3mgsa6x694GDDd84ZN.', 'https://production-cdn.pharmacity.io/digital/640x640/plain/e-com/images/ecommerce/20250508070551-0-P01102.jpg?versionId=ATXxQjN7WQPMIYuSlMQzTzve3Bfp56ki', 'https://production-cdn.pharmacity.io/digital/640x640/plain/e-com/images/ecommerce/20250520071717-0-P12821.png?versionId=JTxZQM8kuM68PF6ANhdoiTVDaXUUMmaM', 'https://production-cdn.pharmacity.io/digital/640x640/plain/e-com/images/ecommerce/20250806061431-0-P14418.png?versionId=Me7PUj8Na84ve2NttXg5tyla_AAk7F9L', 'https://production-cdn.pharmacity.io/digital/640x640/plain/e-com/images/ecommerce/20250520065457-0-P10133.png?versionId=ovd20VKsRlz_2e8FR_DMG8vkwQVjlfS4', 'https://production-cdn.pharmacity.io/digital/640x640/plain/e-com/images/ecommerce/20250806071242-0-P16398.png?versionId=BXPYgoy7cjAjoo8bQHBaH915lYx0OAUm', 'https://production-cdn.pharmacity.io/digital/640x640/plain/e-com/images/ecommerce/20251219023945-0-P23832.jpg?versionId=BHwcrEXFsD4GQkT52L_9yyGIkttMqGKN', 'https://production-cdn.pharmacity.io/digital/640x640/plain/e-com/images/ecommerce/20251126043528-0-P25300.png?versionId=vH2ERrObRfAEiRpVFX9NGJEUxhwMSaRZ', 'https://production-cdn.pharmacity.io/digital/640x640/plain/e-com/images/product/20241126092641-0-P28120.jpg?versionId=QOhCzS93RTl9VYCfekF25inn1D8kUWTk', 'https://production-cdn.pharmacity.io/digital/640x640/plain/e-com/images/ecommerce/20250515040308-0-P02118.jpg?versionId=zozwIsIum7HG.RrQQ5WzcIjo1nGHVbr_', 'https://production-cdn.pharmacity.io/digital/640x640/plain/e-com/images/ecommerce/20250415090849-0-P18691.jpg?versionId=t3RLH32fEQXRuRgkj8DBegp_4vaXeAMq', 'https://production-cdn.pharmacity.io/digital/640x640/plain/e-com/images/ecommerce/20250806120013-0-P19861.png?versionId=Ki1FthdoJp3Josw9mQXQKENPkkCdpZgd', 'https://production-cdn.pharmacity.io/digital/640x640/plain/e-com/images/product/20251104103226-0-P25814.png?versionId=MSGc9XNCtm67zm4Sn.wqZvQGzhxElEKb', 'https://production-cdn.pharmacity.io/digital/640x640/plain/e-com/images/ecommerce/P26150.jpg', 'https://prod-cdn.pharmacity.io/e-com/images/static-website/20240706162441-0-BCT.png', 'https://prod-cdn.pharmacity.io/e-com/images/static-website/20240706162441-0-DMCA.png', 'https://prod-cdn.pharmacity.io/e-com/images/static-website/20240706162440-0-COD.png', 'https://prod-cdn.pharmacity.io/e-com/images/static-website/20240706162441-0-Visa.png', 'https://prod-cdn.pharmacity.io/e-com/images/static-website/20240706162441-0-MasterCard.png', 'https://prod-cdn.pharmacity.io/e-com/images/static-website/20240706162441-0-JCB.png', 'https://prod-cdn.pharmacity.io/e-com/images/static-website/20240706162441-0-Momo.png', 'https://prod-cdn.pharmacity.io/e-com/images/static-website/20240706162729-0-ZaloPay.png', 'https://prod-cdn.pharmacity.io/e-com/images/static-website/20241122062454-0-napas.png', 'https://prod-cdn.pharmacity.io/e-com/images/static-website/20241122063240-0-apple-pay.png']",,,,,,,,,,,,,,,,https://www.pharmacity.vn/rx-khang-di-ung#,Kháng dị ứng,Thuốc kê đơn,https://www.pharmacity.vn/rx-khang-di-ung,Kháng dị ứng,
,,"['https://prod-cdn.pharmacity.io/e-com/images/static-website/20240706162028-0-pharmacity-logo.png', 'https://prod-cdn.pharmacity.io/e-com/images/banners/20260223021224-0-topbanner.png?versionId=boSF1FhI8L2QFtZmzsmoZph2CX0Ipkl1', 'https://prod-cdn.pharmacity.io/e-com/images/ecommerce/20240520103330-0-20240403091737-0-new-bagde.png', 'https://prod-cdn.pharmacity.io/e-com/images/ecommerce/20240816073820-0-Frame%2024020.png', 'https://prod-cdn.pharmacity.io/e-com/images/static-website/pharmacity-logo.svg', 'https://develop-cdn.pharmacity.io/e-com/images/static-website/20251230085433-0-freeship.png', 'https://production-cdn.pharmacity.io/digital/original/plain/e-com/images/static-website/20260105073249-0-search-rx.png?versionId=lZyR7ygpfq8Q22oKOftFVyNPzno_LB9g', 'https://production-cdn.pharmacity.io/digital/original/plain/e-com/images/static-website/20260105073249-0-nurse.png?versionId=EW1j7JypKDtabKF2v3WIGEzPYFMoty1F', 'https://production-cdn.pharmacity.io/digital/original/plain/e-com/images/static-website/20260104134659-0-near-by-store.png?versionId=4Lu87w6bw8yVXpRjVAc9.fChkrvbWsXV', 'https://production-cdn.pharmacity.io/digital/640x640/plain/e-com/images/ecommerce/20250508070559-0-P00206.jpg?versionId=ruw.phJb9Qw3Ov7iC2HJbpSi1nMvo1E6', 'https://production-cdn.pharmacity.io/digital/640x640/plain/e-com/images/ecommerce/20250806035000-0-P00911.png?versionId=GxeDI6vsz4DyVReZKjzvtwEc8U36I9t8', 'https://production-cdn.pharmacity.io/digital/640x640/plain/e-com/images/ecommerce/P00777_6.jpg', 'https://production-cdn.pharmacity.io/digital/640x640/plain/e-com/images/ecommerce/P02144_1.jpg', 'https://production-cdn.pharmacity.io/digital/640x640/plain/e-com/images/ecommerce/20250520035409-0-P02105.png?versionId=JJOKqWSXcCHXkXx_A00NBPaEyw0E22cI', 'https://production-cdn.pharmacity.io/digital/640x640/plain/e-com/images/ecommerce/P02757_1.jpg', 'https://production-cdn.pharmacity.io/digital/640x640/plain/e-com/images/ecommerce/20250415102448-0-P06334.png?versionId=s80xwKgWEjBEIs.OZvBlLpWJ1zW5UB3.', 'https://production-cdn.pharmacity.io/digital/640x640/plain/e-com/images/ecommerce/20250520041756-0-P09230.png?versionId=kuelyrFOGt8sMigLOWErOUE.cmgDubWu', 'https://production-cdn.pharmacity.io/digital/640x640/plain/e-com/images/ecommerce/20250806052030-0-P11143.png?versionId=.KRu4Qu8ezCFfpGS94fEQBsgS8U1l4S.', 'https://production-cdn.pharmacity.io/digital/640x640/plain/e-com/images/ecommerce/20250806052318-0-P11256.png?versionId=1yQHpmoxWuqngtS0rpqk337dtajIBNEg', 'https://production-cdn.pharmacity.io/digital/640x640/plain/e-com/images/ecommerce/20250806052448-0-P11297.png?versionId=nWr8o511elXVnM6OPPv1hGqpu1hTtnup', 'https://production-cdn.pharmacity.io/digital/640x640/plain/e-com/images/ecommerce/20250806054924-0-P13313.png?versionId=2BqoZkMBK3F0xBl7XjDrrDXaD4oyn9Tb', 'https://production-cdn.pharmacity.io/digital/640x640/plain/e-com/images/ecommerce/20250520072052-0-P13554.png?versionId=WZDwuegSozF0fJZgbCfTiwTDcHLRpmTf', 'https://production-cdn.pharmacity.io/digital/640x640/plain/e-com/images/ecommerce/P13569_1_l.jpg', 'https://production-cdn.pharmacity.io/digital/640x640/plain/e-com/images/ecommerce/20250520074233-0-P14533.png?versionId=gir1xGV7Psi3wAu8Lvw2a7jIzbEnS__f', 'https://production-cdn.pharmacity.io/digital/640x640/plain/e-com/images/ecommerce/20250806071630-0-P16488.png?versionId=ln2Gz0zMrf1ezT0ns_S4tcQ660hrQmql', 'https://production-cdn.pharmacity.io/digital/640x640/plain/e-com/images/ecommerce/20260205092820-0-P16552.png?versionId=hMDd_Ej_IhbAKwJAvMLCZhOpWsrgix.X', 'https://production-cdn.pharmacity.io/digital/640x640/plain/e-com/images/ecommerce/20250806070548-0-P16169.png?versionId=QLCHgdBrLP4.0g4DylTUEF3LU1bqdFoJ', 'https://production-cdn.pharmacity.io/digital/640x640/plain/e-com/images/ecommerce/20250806084054-0-P17227.png?versionId=aj3i7LNBBAAQscIUiAcJnvGuqq0RjrzF', 'https://production-cdn.pharmacity.io/digital/640x640/plain/e-com/images/ecommerce/20250806091823-0-P18111.png?versionId=Xfx4SUnvKV7ENiP73hJJxNckxalk2rT.', 'https://prod-cdn.pharmacity.io/e-com/images/static-website/20240706162441-0-BCT.png', 'https://prod-cdn.pharmacity.io/e-com/images/static-website/20240706162441-0-DMCA.png', 'https://prod-cdn.pharmacity.io/e-com/images/static-website/20240706162440-0-COD.png', 'https://prod-cdn.pharmacity.io/e-com/images/static-website/20240706162441-0-Visa.png', 'https://prod-cdn.pharmacity.io/e-com/images/static-website/20240706162441-0-MasterCard.png', 'https://prod-cdn.pharmacity.io/e-com/images/static-website/20240706162441-0-JCB.png', 'https://prod-cdn.pharmacity.io/e-com/images/static-website/20240706162441-0-Momo.png', 'https://prod-cdn.pharmacity.io/e-com/images/static-website/20240706162729-0-ZaloPay.png', 'https://prod-cdn.pharmacity.io/e-com/images/static-website/20241122062454-0-napas.png', 'https://prod-cdn.pharmacity.io/e-com/images/static-website/20241122063240-0-apple-pay.png']",,,,,,,,,,,,,,,,https://www.pharmacity.vn/rx-thuoc-co-xuong-khop#,Thuốc cơ xương khớp,Thuốc kê đơn,https://www.pharmacity.vn/rx-thuoc-co-xuong-khop,Thuốc cơ xương khớp,
,,"['https://prod-cdn.pharmacity.io/e-com/images/static-website/20240706162028-0-pharmacity-logo.png', 'https://prod-cdn.pharmacity.io/e-com/images/banners/20260223021224-0-topbanner.png?versionId=boSF1FhI8L2QFtZmzsmoZph2CX0Ipkl1', 'https://prod-cdn.pharmacity.io/e-com/images/ecommerce/20240520103330-0-20240403091737-0-new-bagde.png', 'https://prod-cdn.pharmacity.io/e-com/images/ecommerce/20240816073820-0-Frame%2024020.png', 'https://prod-cdn.pharmacity.io/e-com/images/static-website/pharmacity-logo.svg', 'https://develop-cdn.pharmacity.io/e-com/images/static-website/20251230085433-0-freeship.png', 'https://production-cdn.pharmacity.io/digital/original/plain/e-com/images/static-website/20260105073249-0-search-rx.png?versionId=lZyR7ygpfq8Q22oKOftFVyNPzno_LB9g', 'https://production-cdn.pharmacity.io/digital/original/plain/e-com/images/static-website/20260105073249-0-nurse.png?versionId=EW1j7JypKDtabKF2v3WIGEzPYFMoty1F', 'https://production-cdn.pharmacity.io/digital/original/plain/e-com/images/static-website/20260104134659-0-near-by-store.png?versionId=4Lu87w6bw8yVXpRjVAc9.fChkrvbWsXV', 'https://production-cdn.pharmacity.io/digital/640x640/plain/e-com/images/ecommerce/20250415090324-0-P22150.jpg?versionId=tYsB4ZoL1KbyjRj4BUvSvRtLUehjHpMe', 'https://prod-cdn.pharmacity.io/e-com/images/ecommerce/20240226095616-0-Type=Freeship,%20Size=Normal@3x.png', 'https://production-cdn.pharmacity.io/digital/640x640/plain/e-com/images/product/20250303061450-0-P27372_1.jpg?versionId=s2Nn9btcx67Q5BRMA6_M6aoImqAjzQV4', 'https://production-cdn.pharmacity.io/digital/640x640/plain/e-com/images/ecommerce/20240530085704-0-P27996_1.jpg', 'https://production-cdn.pharmacity.io/digital/640x640/plain/e-com/images/ecommerce/20260227041607-0-P29843.png?versionId=QA_TPojmp8fUO0xA.F6kgwsjD_h6wzq1', 'https://production-cdn.pharmacity.io/digital/640x640/plain/e-com/images/ecommerce/20250102031509-0-P26287.jpg?versionId=c68_zmzqn3RFRhL0AQ1.OVdYnqw3eup.', 'https://production-cdn.pharmacity.io/digital/640x640/plain/e-com/images/ecommerce/20251208033453-0-P30064.png?versionId=u1ArloRjrTaF4n8DCu6ibS2MrkKYVsLO', 'https://production-cdn.pharmacity.io/digital/640x640/plain/e-com/images/product/20241022073722-0-P28451_1.jpg?versionId=CbaF2MsfFs82nYTix6o2UMc7O15PYeFE', 'https://production-cdn.pharmacity.io/digital/640x640/plain/e-com/images/product/20250417083501-0-P28952_1.jpg?versionId=6s_nWZ0P78T2_q5lSqiuN3vBEyPLdF3P', 'https://production-cdn.pharmacity.io/digital/640x640/plain/e-com/images/product/20251207174445-0-P29000_1.jpg?versionId=6OIKhk_3afkjwuVjq6Ntv0EpRlt0UnNQ', 'https://production-cdn.pharmacity.io/digital/640x640/plain/e-com/images/ecommerce/20250520065753-0-P11039.png?versionId=sdNQ0cLTJjoRaUXPUu6cpc_GoV5uci0s', 'https://production-cdn.pharmacity.io/digital/640x640/plain/e-com/images/ecommerce/20250729065654-0-P11299.png?versionId=cZdgroID5euBMGy0rLt704yaig0p03qL', 'https://production-cdn.pharmacity.io/digital/640x640/plain/e-com/images/product/20241022073936-0-P28448_1.jpg?versionId=lbzwB5rJDo93IyzcX8oqOqhNNQlwZ402', 'https://production-cdn.pharmacity.io/digital/640x640/plain/e-com/images/product/20241230084153-0-P28502_1.jpg?versionId=Zs_qp_f9zP07smrOtd6s.1USmzZVXhNl', 'https://production-cdn.pharmacity.io/digital/640x640/plain/e-com/images/ecommerce/20251219023945-0-P29920.jpg?versionId=6Qdcz7iih8QGy7JidMCD3EcOw4SAcdfG', 'https://production-cdn.pharmacity.io/digital/640x640/plain/e-com/images/product/20251114035821-0-P29928_1.png?versionId=x7_EtYAhfzgNJ0qAc2ZnVsnDZNH64KJm', 'https://production-cdn.pharmacity.io/digital/640x640/plain/e-com/images/product/20251024090944-0-P29842.png?versionId=0P1kLQB_1.72lCqU3Fj25qxCaCNjRNms', 'https://production-cdn.pharmacity.io/digital/640x640/plain/e-com/images/ecommerce/20250924100110-0-P29501.jpg?versionId=RJhWcCuw6iT5bMFAjciMcA.Ai.agkEA_', 'https://production-cdn.pharmacity.io/digital/640x640/plain/e-com/images/ecommerce/20260227041606-0-P30070.png?versionId=YUZIiTbLDgE8Odpv3wr6Na.y7JnJCFiv', 'https://production-cdn.pharmacity.io/digital/640x640/plain/e-com/images/product/20260109110429-0-P30071_1.png?versionId=Qarbuty3n15KM0PRDg2_1FBds41xafO8', 'https://production-cdn.pharmacity.io/digital/640x640/plain/e-com/images/ecommerce/20250520074141-0-P14411.png?versionId=_478OxmY8jxMdlabLDo8ewQ_B7NQcCUV', 'https://prod-cdn.pharmacity.io/e-com/images/static-website/20240706162441-0-BCT.png', 'https://prod-cdn.pharmacity.io/e-com/images/static-website/20240706162441-0-DMCA.png', 'https://prod-cdn.pharmacity.io/e-com/images/static-website/20240706162440-0-COD.png', 'https://prod-cdn.pharmacity.io/e-com/images/static-website/20240706162441-0-Visa.png', 'https://prod-cdn.pharmacity.io/e-com/images/static-website/20240706162441-0-MasterCard.png', 'https://prod-cdn.pharmacity.io/e-com/images/static-website/20240706162441-0-JCB.png', 'https://prod-cdn.pharmacity.io/e-com/images/static-website/20240706162441-0-Momo.png', 'https://prod-cdn.pharmacity.io/e-com/images/static-website/20240706162729-0-ZaloPay.png', 'https://prod-cdn.pharmacity.io/e-com/images/static-website/20241122062454-0-napas.png', 'https://prod-cdn.pharmacity.io/e-com/images/static-website/20241122063240-0-apple-pay.png']",,,,,,,,,,,,,,,,https://www.pharmacity.vn/thuoc-vitamin-va-khoang-chat#,Vitamin khoáng chất,Vitamin & Thực phẩm chức năng,https://www.pharmacity.vn/thuoc-vitamin-va-khoang-chat,Vitamin khoáng chất,
